<?xml version="1.0"?>
<mods xmlns="http://www.loc.gov/mods/v3" xmlns:mods="http://www.loc.gov/mods/v3" xmlns:xsi="http://www.w3.org/2001/XMLSchema-instance" xmlns:xlink="http://www.w3.org/1999/xlink">
  <titleInfo>
    <title>There's nothing to drink at home</title>
    <subTitle>Except a virtually unlimited supply of fresh clean drinking water</subTitle>
  </titleInfo>
  <name type="personal">
    <namePart>The Internet</namePart>
    <role>
      <roleTerm authority="marcrelator" type="text">Troll</roleTerm>
    </role>
  </name>
  <typeOfResource>still image</typeOfResource>
  <genre authority="lctgm">Meme</genre>
  <originInfo>
    <dateIssued/>
    <publisher/>
    <place>
      <placeTerm authority="marccountry" type="code"/>
    </place>
    <place>
      <placeTerm type="text"/>
    </place>
  </originInfo>
  <language>
    <languageTerm authority="iso639-2b" type="code">eng</languageTerm>
  </language>
  <abstract>Spoiled person laments not having luxuries beyond clean drinking water.</abstract>
  <identifier type="local"/>
  <physicalDescription>
    <form authority="marcform">nonprojected graphic</form>
    <extent/>
  </physicalDescription>
  <note>First World Problems</note>
  <subject>
    <topic/>
    <geographic/>
    <temporal/>
    <hierarchicalGeographic>
      <continent/>
      <country/>
      <province/>
      <region/>
      <county/>
      <city/>
      <citySection/>
    </hierarchicalGeographic>
    <cartographics>
      <coordinates/>
    </cartographics>
  </subject>
</mods>
